{
    "train": {
        "mlogloss": [
            1.546616,
            1.354978,
            1.198828,
            1.067345,
            0.955641,
            0.859766,
            0.77581,
            0.702023,
            0.637269,
            0.579516,
            0.528127,
            0.482108,
            0.440903,
            0.40351,
            0.36928,
            0.338535,
            0.310537,
            0.2852,
            0.262091,
            0.2413,
            0.222271,
            0.205437,
            0.190105,
            0.176284,
            0.163558,
            0.15173,
            0.141166,
            0.131271,
            0.12246,
            0.114443,
            0.106895,
            0.099774,
            0.093584,
            0.08774,
            0.082286,
            0.077409,
            0.072928,
            0.068755,
            0.065037,
            0.061453,
            0.058137,
            0.055264,
            0.05248,
            0.049914,
            0.047534,
            0.045403,
            0.043311,
            0.041389,
            0.039781,
            0.038122
        ]
    },
    "test": {
        "mlogloss": [
            1.57447,
            1.397971,
            1.25218,
            1.130979,
            1.032679,
            0.945759,
            0.869802,
            0.805276,
            0.748183,
            0.696969,
            0.652026,
            0.614449,
            0.580306,
            0.54932,
            0.523887,
            0.500695,
            0.481072,
            0.459357,
            0.443426,
            0.427077,
            0.414177,
            0.400438,
            0.39038,
            0.381284,
            0.373777,
            0.361649,
            0.355177,
            0.343944,
            0.336678,
            0.331673,
            0.326487,
            0.321851,
            0.317815,
            0.311239,
            0.308137,
            0.304327,
            0.301604,
            0.300845,
            0.29747,
            0.295922,
            0.292666,
            0.291263,
            0.290662,
            0.28929,
            0.287357,
            0.286105,
            0.285371,
            0.285751,
            0.28431,
            0.283278
        ]
    }
}